{
  "theta": [
    1.5,
    0.3,
    -0.20000000000000004,
    0.12
  ],
  "pi": [
    0.0,
    0.0,
    0.0,
    0.0,
    0.0,
    0.0,
    0.0,
    0.0
  ],
  "rho": [
    0.0,
    0.0,
    0.0,
    0.0,
    0.0,
    0.0,
    0.0,
    0.0
  ],
  "updates": 3,
  "ema_reward": 0.0,
  "sigma": 0.20000000000000004
}