{
  "theta": [
    1.000157669213409,
    0.2915895014793364,
    -0.19917138322033023,
    0.12888367532073502
  ],
  "updates": 2,
  "ema_reward": -0.009999999999999995
}